eliasegg,10c49945-56f3-4a19-9f1f-8087fea92b06
juel,98eaee23-6d42-4c3c-9175-3cf1b96da2e8
flowi0326,382b92e1-b72b-491c-90eb-87d7ffeb14e9
obitonamikaze,040b9245-aecb-49ba-a25f-b4a7cc544437
20mm,40dfd1ea-d7cf-4944-a16f-bcbc3ed46c30
littheworst,89a667d9-67a2-402a-b807-1d1c4f35698f
smattox,fea22ef0-3efd-463b-8d3f-cc0e543fa57c
waterunicorn,6060b6bb-ad20-4e04-80c4-d1c33d4b1044
atomosic,29f0badb-7522-445b-88bc-56f662bb72c8
zp4rker,2f9fc419-1701-4517-8f34-5ccdece078c7
allandev,bdc83502-6d75-4c26-a633-729e9ed81aee
cheesem_,bfa960cb-5376-4faa-b91b-8bea2844d736
sharkdudefin,ae788c3a-de84-49c5-b0f3-b6777520471e
firelark,7f8c43be-31b1-4c95-b985-537603e69f11
spiderrobotman,28bb290c-cce5-481c-b158-d7f9a042100d
3dprinterguy,84467a34-da65-42d0-8ba9-d4747fe01f49
cory,3716427e-76ac-4df4-a50a-706618a70f0c
zophiekat,52a2dadb-aaa2-48e4-ba7a-70bb41311e90
fraeduu,7a6328cd-e1fb-4a07-a551-e9dfdbd24eea
master_luke_1114,e4075788-07be-4109-b222-8adc0193031c
jigbon,43015a4f-140e-474e-872f-f7b0b4d79313
pmme,af52f72f-2812-4a6b-b831-0f7613d0fe48
swimmerdude88,0d49f0dc-6dff-4f8f-a71e-5749f3506726
cuaris94,2233396d-2cc9-4310-a092-5673b6c726d6
retrovidya,58e04810-1da0-4e17-ba7f-f2c22e90047f
lordsherman,7e418993-7482-43b2-a8f6-740d6a308ce5
neon752,be02b491-c9f4-463a-9d64-5cd6bddd8ccc
bugtest,519ab271-0ee7-4e33-85e2-ed1f2ef1b659
jhiroshige,62fdc939-c7c7-43c1-8aa1-6391e390c048
jake_112,c4d64d16-2839-4031-8b91-5c459da0adfe
resuki12,0b6c57e9-0fe3-4547-b207-25d879ada48d
robert_beckley,c0a68af6-e4ee-4b2b-b6bd-4287d97f0755
coconutyoshi,5683566d-3794-4e82-b9ec-f67431eaaa85
rembihnutur,20fb0129-d6e6-4eab-b2d7-926a8c872722
enderzombi102,49065984-95d9-403c-8fa2-c24511ee152c
allanstrat,f0e7f028-4955-4dc8-8e40-d334ef0bd19a
eliasenamorado,8197197d-a638-4c9f-b65c-0c9ddb566cf4
spigot_abhiram,b051abdf-66d1-48c0-96ef-67fb8af96f2a
drewpdrawers,6ed242e5-bb44-45d5-ba45-6be4dc092387
